,  1  Διατροφή και μη αλκοολούχα ποτά,  2  Αλκοολούχα ποτά και καπνός,  3  Ένδυση και υπόδηση,  4  Στέγαση,"  5  Διαρκή αγαθά, είδη νοικοκυριού και υπηρεσίες",  6  Υγεία,  7  Μεταφορές,  8  Επικοινωνίες,"  9  Αναψυχή, πολιτιστικές δραστηριότητες", 10 Εκπαίδευση," 11 Ξενοδοχεία, καφέ, εστιατόρια", 12 Άλλα αγαθά και υπηρεσίες,      Γενικός Δείκτης
Ιαν.20,,,,,,,,,,,,,
Φεβρ.20,,,,,,,,,,,,,
Μαρτ.20,,,,,,,,,,,,,
Απρ.20,,,,,,,,,,,,,
Μάιος20,,,,,,,,,,,,,
Ιουν.20,,,,,,,,,,,,,
Ιουλ.20,,,,,,,,,,,,,
Αυγ.20,,,,,,,,,,,,,
Σεπτ.20,,,,,,,,,,,,,
Οκτ.20,,,,,,,,,,,,,
Νοέμ.20,,,,,,,,,,,,,
Δεκ.20,,,,,,,,,,,,,
Ιαν.21,-0.0043431776533445765,-0.0037179576220172095,-0.03452869681227477,-0.03375593295670176,-0.02194109633075092,-0.011522266845836238,-0.05718949332552958,-0.020629685024937672,-0.006318337721857303,-0.00017386038399402892,-0.006030409051557051,-0.023984085118668008,-0.019641196188935783
Φεβρ.21,-0.0048756642039858855,0.0013907185129022892,-0.0005705876090846829,-0.01879565888984913,-0.021944053447738532,-0.0105808195653464,-0.0428513837151705,-0.018338031105233132,-0.002661527592873303,-0.00017386038399402892,-0.004488786065728556,-0.016675991653004152,-0.012683917381219545
Μαρτ.21,-0.0025980171249394557,-0.00515372558786964,-0.16926767474931315,0.0007176953338090541,-0.016997539303760023,-0.010647926540343633,-0.007968896175502005,-0.01604065375183006,-0.0030127848389339684,-0.00017386038399402892,-0.005461869152831422,-0.014056709560965719,-0.0163691039844871
Απρ.21,-0.011922746241181614,-0.0008254301961436727,-0.010517198718602017,0.019382951476838883,-0.012302452553831111,-0.009546708546615212,0.02335123840677844,-0.013720324452829558,-0.009921218025029876,-0.00017382109334218576,-0.009027349278661778,-0.023635182420811862,-0.00287493832942598
Μάιος21,-0.0015322429548336736,-0.003130461662586237,-0.05027434260706143,0.03190975976156607,-0.013725709218525561,-0.012820975894570541,0.04595459262214896,-0.016599007977425972,-0.008269015395421575,-5.066472710812953e-06,-0.015767689911041605,-0.018348657847140126,0.0013665519251451208
Ιουν.21,0.0038003250006446443,-0.0020690497206722336,0.004916891793749212,0.04026776605347071,-0.008486147946714873,-0.01327706834041309,0.06739940208316475,-0.017724303864644297,-0.009663811554756707,0.0002292545735274043,-0.007889479836655888,-0.020526953417875804,0.010283745896932484
Ιουλ.21,0.016722308253780627,-2.816002121075467e-05,-0.013938210549271357,0.041600188740978705,-0.007407602028098426,-0.008058959059713322,0.058472281714737395,-0.02658118423486555,-0.00779190359952997,0.0002292545735274043,-0.002678452441514656,-0.012372063045541837,0.013510968627245878
Αυγ.21,0.03025234671115351,-0.003689421213512567,-0.02627791214949904,0.04424470009096071,-0.004545273992789589,-0.004534698688161809,0.06659489658434437,-0.02563928907007529,-0.0067864489937518035,0.0002292545582647243,0.0015964193077351307,-0.011223274112468151,0.018785566853062097
Σεπτ.21,0.0308881020289844,-0.000895722664105647,-0.004500776200434431,0.04691315353859249,0.005937428666978439,0.0005404495368388496,0.07772287767335695,-0.025426538887540096,-0.003545083869718524,0.0093716255886922,0.005336681735361948,-0.007615819675501845,0.022118035346769593
Οκτ.21,0.029672470426234554,0.00031461797856358054,0.004481725253852931,0.11724312546758409,0.008091516913224517,0.0003225099938424236,0.09178728525947011,-0.024835823555688252,-0.003996124131201317,0.009244420973208989,0.009481835702926267,-0.013268242539693387,0.03413519001354204
Νοέμ.21,0.034940009113436865,-0.0009916599938954995,0.03881938718364886,0.17691950308576065,0.023475373187804127,-0.0008480111828169656,0.09302336058160376,-0.02680866171287255,-0.0029791669176814084,0.009365299503118596,0.012948092512008014,-0.0073176818670115384,0.04822838467267343
Δεκ.21,0.04314248211133154,0.00030978406330772756,0.029726763847116366,0.17951537065214818,0.02306657434893289,-0.0008658738785629616,0.10851624903706059,-0.02543740640085501,-0.006116086633705664,0.009365299503118596,0.011570534061742688,-0.006386387889443457,0.051149280939982944
Ιαν.22,0.051998852627201275,-0.0014298116428513863,0.06970400852105318,0.2259121081898403,0.029628897002804466,-0.0006489588364684273,0.11057981213662282,-0.032335892771172325,-0.004886227442887248,0.009365299503118374,0.016059555797736547,0.0035548527403603813,0.06249705992796106
Φεβρ.22,0.07087424559605227,-0.002138688893804974,0.055890618033376915,0.2540790955293537,0.040664132198646286,-0.0003538729317956735,0.12219659695323126,-0.0309301462624767,-0.003991929522820237,0.009365299503118374,0.017082525284362937,-0.0018351134852374607,0.07214007184074078
Μαρτ.22,0.08084107125768947,0.004279799926270922,0.0650065865712175,0.2992697717483015,0.03749968034681328,-0.00034670450823259813,0.15447178071453949,-0.02911214901412651,0.001065293834333625,0.009365299503118374,0.028213180402979265,0.0007869752488494086,0.08850035342063767
Απρ.22,0.10930593728076499,-0.00010885104487612374,0.015791872804303386,0.35231006880818017,0.04218908592070991,0.0003679595370045252,0.15353131069162762,-0.027466210114086453,0.012140634003656059,0.009365259837603057,0.037824414673247375,0.008704680482195526,0.10172809212381684
Μάιος22,0.12052475616783243,0.008951757705135233,0.056490413078081,0.34990398328852934,0.05136816798741606,0.005043417006956874,0.18788138354954853,-0.024646474746734648,0.013221370419133516,0.009194923923098397,0.051382267803427695,0.004366318976058325,0.11329326962593411
Ιουν.22,0.1255715137531146,0.008820705296165077,0.046218537503038615,0.3148105359754463,0.0653064074164662,0.005642858958029073,0.2503016110234775,-0.02270786546405268,0.017118634200472105,0.00895850251335606,0.06471416856400403,0.022521719675203666,0.12093747384796139
Ιουλ.22,0.1304135290177355,0.014620331503542694,0.03363476801962162,0.3085282579350723,0.0815137693451291,0.006793258857118234,0.20597168787024667,-0.021148135357697107,0.019523654840049698,0.00895850251335606,0.06398845776342288,0.024985239567797857,0.11590716122579448
Αυγ.22,0.132333327310038,0.017930502495031586,0.02719252755525292,0.3142678290290586,0.09515145570864325,0.027299387870978187,0.16032048183877667,-0.021622752572970527,0.023279201291286578,0.00895850251335606,0.06655437470645009,0.036644034630706424,0.11403787825901524
Σεπτ.22,0.13482702661401103,0.019799121227594085,0.03465509206175321,0.3542757810198309,0.09304054225816594,0.027842771115473397,0.1417880849953903,-0.021025731734483744,0.02107049474480127,0.018288003406419673,0.09143629073860993,0.0320197823534496,0.1202402026821019
Οκτ.22,0.14802980600546722,0.02206707519706108,0.05415131041831289,0.11188545304056707,0.10630000095469483,0.0273864239876056,0.13789310105817942,-0.02048398952628916,0.025021919343937604,0.020343452524826278,0.08616209364403704,0.04155636740412083,0.09065039655395424
Νοέμ.22,0.15015685855523997,0.02789765561148272,0.10860004290928638,0.04795885561895297,0.11046440107574829,0.028214810707617,0.1452489416942635,-0.020525993305255952,0.026681897276896294,0.021515556573159067,0.07952779419914457,0.04897592673910345,0.08539313405316973
Δεκ.22,0.15476136235681137,0.024674800160297217,0.05412453083991853,0.025302732720419163,0.1130095031767746,0.028286126724051508,0.08973696243582241,-0.020788896257480816,0.031789224867596166,0.021644612577317757,0.07579974576266824,0.05184011829665702,0.07224042150578791
